--
-- PostgreSQL database dump
--

-- Dumped from database version 16.9 (Ubuntu 16.9-0ubuntu0.24.04.1)
-- Dumped by pg_dump version 16.9 (Ubuntu 16.9-0ubuntu0.24.04.1)

SET statement_timeout = 0;
SET lock_timeout = 0;
SET idle_in_transaction_session_timeout = 0;
SET client_encoding = 'UTF8';
SET standard_conforming_strings = on;
SELECT pg_catalog.set_config('search_path', '', false);
SET check_function_bodies = false;
SET xmloption = content;
SET client_min_messages = warning;
SET row_security = off;

SET default_tablespace = '';

SET default_table_access_method = heap;

--
-- Name: auth_group; Type: TABLE; Schema: public; Owner: stqmedia_user
--

CREATE TABLE public.auth_group (
    id integer NOT NULL,
    name character varying(150) NOT NULL
);


ALTER TABLE public.auth_group OWNER TO stqmedia_user;

--
-- Name: auth_group_id_seq; Type: SEQUENCE; Schema: public; Owner: stqmedia_user
--

ALTER TABLE public.auth_group ALTER COLUMN id ADD GENERATED BY DEFAULT AS IDENTITY (
    SEQUENCE NAME public.auth_group_id_seq
    START WITH 1
    INCREMENT BY 1
    NO MINVALUE
    NO MAXVALUE
    CACHE 1
);


--
-- Name: auth_group_permissions; Type: TABLE; Schema: public; Owner: stqmedia_user
--

CREATE TABLE public.auth_group_permissions (
    id integer NOT NULL,
    group_id integer NOT NULL,
    permission_id integer NOT NULL
);


ALTER TABLE public.auth_group_permissions OWNER TO stqmedia_user;

--
-- Name: auth_group_permissions_id_seq; Type: SEQUENCE; Schema: public; Owner: stqmedia_user
--

ALTER TABLE public.auth_group_permissions ALTER COLUMN id ADD GENERATED BY DEFAULT AS IDENTITY (
    SEQUENCE NAME public.auth_group_permissions_id_seq
    START WITH 1
    INCREMENT BY 1
    NO MINVALUE
    NO MAXVALUE
    CACHE 1
);


--
-- Name: auth_permission; Type: TABLE; Schema: public; Owner: stqmedia_user
--

CREATE TABLE public.auth_permission (
    id integer NOT NULL,
    name character varying(255) NOT NULL,
    content_type_id integer NOT NULL,
    codename character varying(100) NOT NULL
);


ALTER TABLE public.auth_permission OWNER TO stqmedia_user;

--
-- Name: auth_permission_id_seq; Type: SEQUENCE; Schema: public; Owner: stqmedia_user
--

ALTER TABLE public.auth_permission ALTER COLUMN id ADD GENERATED BY DEFAULT AS IDENTITY (
    SEQUENCE NAME public.auth_permission_id_seq
    START WITH 1
    INCREMENT BY 1
    NO MINVALUE
    NO MAXVALUE
    CACHE 1
);


--
-- Name: auth_user; Type: TABLE; Schema: public; Owner: stqmedia_user
--

CREATE TABLE public.auth_user (
    id integer NOT NULL,
    password character varying(128) NOT NULL,
    last_login timestamp with time zone,
    is_superuser boolean NOT NULL,
    username character varying(150) NOT NULL,
    first_name character varying(150) NOT NULL,
    last_name character varying(150) NOT NULL,
    email character varying(254) NOT NULL,
    is_staff boolean NOT NULL,
    is_active boolean NOT NULL,
    date_joined timestamp with time zone NOT NULL
);


ALTER TABLE public.auth_user OWNER TO stqmedia_user;

--
-- Name: auth_user_groups; Type: TABLE; Schema: public; Owner: stqmedia_user
--

CREATE TABLE public.auth_user_groups (
    id integer NOT NULL,
    user_id integer NOT NULL,
    group_id integer NOT NULL
);


ALTER TABLE public.auth_user_groups OWNER TO stqmedia_user;

--
-- Name: auth_user_groups_id_seq; Type: SEQUENCE; Schema: public; Owner: stqmedia_user
--

ALTER TABLE public.auth_user_groups ALTER COLUMN id ADD GENERATED BY DEFAULT AS IDENTITY (
    SEQUENCE NAME public.auth_user_groups_id_seq
    START WITH 1
    INCREMENT BY 1
    NO MINVALUE
    NO MAXVALUE
    CACHE 1
);


--
-- Name: auth_user_id_seq; Type: SEQUENCE; Schema: public; Owner: stqmedia_user
--

ALTER TABLE public.auth_user ALTER COLUMN id ADD GENERATED BY DEFAULT AS IDENTITY (
    SEQUENCE NAME public.auth_user_id_seq
    START WITH 1
    INCREMENT BY 1
    NO MINVALUE
    NO MAXVALUE
    CACHE 1
);


--
-- Name: auth_user_user_permissions; Type: TABLE; Schema: public; Owner: stqmedia_user
--

CREATE TABLE public.auth_user_user_permissions (
    id integer NOT NULL,
    user_id integer NOT NULL,
    permission_id integer NOT NULL
);


ALTER TABLE public.auth_user_user_permissions OWNER TO stqmedia_user;

--
-- Name: auth_user_user_permissions_id_seq; Type: SEQUENCE; Schema: public; Owner: stqmedia_user
--

ALTER TABLE public.auth_user_user_permissions ALTER COLUMN id ADD GENERATED BY DEFAULT AS IDENTITY (
    SEQUENCE NAME public.auth_user_user_permissions_id_seq
    START WITH 1
    INCREMENT BY 1
    NO MINVALUE
    NO MAXVALUE
    CACHE 1
);


--
-- Name: axes_accessattempt; Type: TABLE; Schema: public; Owner: stqmedia_user
--

CREATE TABLE public.axes_accessattempt (
    id integer NOT NULL,
    user_agent character varying(255) NOT NULL,
    ip_address inet,
    username character varying(255),
    http_accept character varying(1025) NOT NULL,
    path_info character varying(255) NOT NULL,
    attempt_time timestamp with time zone NOT NULL,
    get_data text NOT NULL,
    post_data text NOT NULL,
    failures_since_start integer NOT NULL,
    CONSTRAINT axes_accessattempt_failures_since_start_check CHECK ((failures_since_start >= 0))
);


ALTER TABLE public.axes_accessattempt OWNER TO stqmedia_user;

--
-- Name: axes_accessattempt_id_seq; Type: SEQUENCE; Schema: public; Owner: stqmedia_user
--

ALTER TABLE public.axes_accessattempt ALTER COLUMN id ADD GENERATED BY DEFAULT AS IDENTITY (
    SEQUENCE NAME public.axes_accessattempt_id_seq
    START WITH 1
    INCREMENT BY 1
    NO MINVALUE
    NO MAXVALUE
    CACHE 1
);


--
-- Name: axes_accessfailurelog; Type: TABLE; Schema: public; Owner: stqmedia_user
--

CREATE TABLE public.axes_accessfailurelog (
    id integer NOT NULL,
    user_agent character varying(255) NOT NULL,
    ip_address inet,
    username character varying(255),
    http_accept character varying(1025) NOT NULL,
    path_info character varying(255) NOT NULL,
    attempt_time timestamp with time zone NOT NULL,
    locked_out boolean NOT NULL
);


ALTER TABLE public.axes_accessfailurelog OWNER TO stqmedia_user;

--
-- Name: axes_accessfailurelog_id_seq; Type: SEQUENCE; Schema: public; Owner: stqmedia_user
--

ALTER TABLE public.axes_accessfailurelog ALTER COLUMN id ADD GENERATED BY DEFAULT AS IDENTITY (
    SEQUENCE NAME public.axes_accessfailurelog_id_seq
    START WITH 1
    INCREMENT BY 1
    NO MINVALUE
    NO MAXVALUE
    CACHE 1
);


--
-- Name: axes_accesslog; Type: TABLE; Schema: public; Owner: stqmedia_user
--

CREATE TABLE public.axes_accesslog (
    id integer NOT NULL,
    user_agent character varying(255) NOT NULL,
    ip_address inet,
    username character varying(255),
    http_accept character varying(1025) NOT NULL,
    path_info character varying(255) NOT NULL,
    attempt_time timestamp with time zone NOT NULL,
    logout_time timestamp with time zone,
    session_hash character varying(64) NOT NULL
);


ALTER TABLE public.axes_accesslog OWNER TO stqmedia_user;

--
-- Name: axes_accesslog_id_seq; Type: SEQUENCE; Schema: public; Owner: stqmedia_user
--

ALTER TABLE public.axes_accesslog ALTER COLUMN id ADD GENERATED BY DEFAULT AS IDENTITY (
    SEQUENCE NAME public.axes_accesslog_id_seq
    START WITH 1
    INCREMENT BY 1
    NO MINVALUE
    NO MAXVALUE
    CACHE 1
);


--
-- Name: django_admin_log; Type: TABLE; Schema: public; Owner: stqmedia_user
--

CREATE TABLE public.django_admin_log (
    id integer NOT NULL,
    action_time timestamp with time zone NOT NULL,
    object_id text,
    object_repr character varying(200) NOT NULL,
    action_flag smallint NOT NULL,
    change_message text NOT NULL,
    content_type_id integer,
    user_id integer NOT NULL,
    CONSTRAINT django_admin_log_action_flag_check CHECK ((action_flag >= 0))
);


ALTER TABLE public.django_admin_log OWNER TO stqmedia_user;

--
-- Name: django_admin_log_id_seq; Type: SEQUENCE; Schema: public; Owner: stqmedia_user
--

ALTER TABLE public.django_admin_log ALTER COLUMN id ADD GENERATED BY DEFAULT AS IDENTITY (
    SEQUENCE NAME public.django_admin_log_id_seq
    START WITH 1
    INCREMENT BY 1
    NO MINVALUE
    NO MAXVALUE
    CACHE 1
);


--
-- Name: django_content_type; Type: TABLE; Schema: public; Owner: stqmedia_user
--

CREATE TABLE public.django_content_type (
    id integer NOT NULL,
    app_label character varying(100) NOT NULL,
    model character varying(100) NOT NULL
);


ALTER TABLE public.django_content_type OWNER TO stqmedia_user;

--
-- Name: django_content_type_id_seq; Type: SEQUENCE; Schema: public; Owner: stqmedia_user
--

ALTER TABLE public.django_content_type ALTER COLUMN id ADD GENERATED BY DEFAULT AS IDENTITY (
    SEQUENCE NAME public.django_content_type_id_seq
    START WITH 1
    INCREMENT BY 1
    NO MINVALUE
    NO MAXVALUE
    CACHE 1
);


--
-- Name: django_migrations; Type: TABLE; Schema: public; Owner: stqmedia_user
--

CREATE TABLE public.django_migrations (
    id integer NOT NULL,
    app character varying(255) NOT NULL,
    name character varying(255) NOT NULL,
    applied timestamp with time zone NOT NULL
);


ALTER TABLE public.django_migrations OWNER TO stqmedia_user;

--
-- Name: django_migrations_id_seq; Type: SEQUENCE; Schema: public; Owner: stqmedia_user
--

ALTER TABLE public.django_migrations ALTER COLUMN id ADD GENERATED BY DEFAULT AS IDENTITY (
    SEQUENCE NAME public.django_migrations_id_seq
    START WITH 1
    INCREMENT BY 1
    NO MINVALUE
    NO MAXVALUE
    CACHE 1
);


--
-- Name: django_session; Type: TABLE; Schema: public; Owner: stqmedia_user
--

CREATE TABLE public.django_session (
    session_key character varying(40) NOT NULL,
    session_data text NOT NULL,
    expire_date timestamp with time zone NOT NULL
);


ALTER TABLE public.django_session OWNER TO stqmedia_user;

--
-- Name: stqpictures_blogpost; Type: TABLE; Schema: public; Owner: stqmedia_user
--

CREATE TABLE public.stqpictures_blogpost (
    id bigint NOT NULL,
    title character varying(255) NOT NULL,
    content text NOT NULL,
    featured_image character varying(100),
    published_date timestamp with time zone NOT NULL
);


ALTER TABLE public.stqpictures_blogpost OWNER TO stqmedia_user;

--
-- Name: stqpictures_blogpost_id_seq; Type: SEQUENCE; Schema: public; Owner: stqmedia_user
--

ALTER TABLE public.stqpictures_blogpost ALTER COLUMN id ADD GENERATED BY DEFAULT AS IDENTITY (
    SEQUENCE NAME public.stqpictures_blogpost_id_seq
    START WITH 1
    INCREMENT BY 1
    NO MINVALUE
    NO MAXVALUE
    CACHE 1
);


--
-- Name: stqpictures_cart; Type: TABLE; Schema: public; Owner: stqmedia_user
--

CREATE TABLE public.stqpictures_cart (
    id bigint NOT NULL,
    user_id integer NOT NULL
);


ALTER TABLE public.stqpictures_cart OWNER TO stqmedia_user;

--
-- Name: stqpictures_cart_id_seq; Type: SEQUENCE; Schema: public; Owner: stqmedia_user
--

ALTER TABLE public.stqpictures_cart ALTER COLUMN id ADD GENERATED BY DEFAULT AS IDENTITY (
    SEQUENCE NAME public.stqpictures_cart_id_seq
    START WITH 1
    INCREMENT BY 1
    NO MINVALUE
    NO MAXVALUE
    CACHE 1
);


--
-- Name: stqpictures_cartitem; Type: TABLE; Schema: public; Owner: stqmedia_user
--

CREATE TABLE public.stqpictures_cartitem (
    id bigint NOT NULL,
    quantity integer NOT NULL,
    cart_id bigint NOT NULL,
    product_id bigint,
    service_id bigint,
    CONSTRAINT stqpictures_cartitem_quantity_check CHECK ((quantity >= 0))
);


ALTER TABLE public.stqpictures_cartitem OWNER TO stqmedia_user;

--
-- Name: stqpictures_cartitem_id_seq; Type: SEQUENCE; Schema: public; Owner: stqmedia_user
--

ALTER TABLE public.stqpictures_cartitem ALTER COLUMN id ADD GENERATED BY DEFAULT AS IDENTITY (
    SEQUENCE NAME public.stqpictures_cartitem_id_seq
    START WITH 1
    INCREMENT BY 1
    NO MINVALUE
    NO MAXVALUE
    CACHE 1
);


--
-- Name: stqpictures_competitionentry; Type: TABLE; Schema: public; Owner: stqmedia_user
--

CREATE TABLE public.stqpictures_competitionentry (
    id bigint NOT NULL,
    name character varying(255) NOT NULL,
    email character varying(254) NOT NULL,
    phone character varying(20) NOT NULL,
    category character varying(20) NOT NULL,
    upload_link character varying(200) NOT NULL,
    submission_date timestamp with time zone NOT NULL,
    active boolean NOT NULL
);


ALTER TABLE public.stqpictures_competitionentry OWNER TO stqmedia_user;

--
-- Name: stqpictures_competitionentry_id_seq; Type: SEQUENCE; Schema: public; Owner: stqmedia_user
--

ALTER TABLE public.stqpictures_competitionentry ALTER COLUMN id ADD GENERATED BY DEFAULT AS IDENTITY (
    SEQUENCE NAME public.stqpictures_competitionentry_id_seq
    START WITH 1
    INCREMENT BY 1
    NO MINVALUE
    NO MAXVALUE
    CACHE 1
);


--
-- Name: stqpictures_product; Type: TABLE; Schema: public; Owner: stqmedia_user
--

CREATE TABLE public.stqpictures_product (
    id bigint NOT NULL,
    name character varying(255) NOT NULL,
    description text NOT NULL,
    price numeric(10,2) NOT NULL,
    image character varying(100),
    category character varying(100) NOT NULL,
    created_at timestamp with time zone NOT NULL
);


ALTER TABLE public.stqpictures_product OWNER TO stqmedia_user;

--
-- Name: stqpictures_product_id_seq; Type: SEQUENCE; Schema: public; Owner: stqmedia_user
--

ALTER TABLE public.stqpictures_product ALTER COLUMN id ADD GENERATED BY DEFAULT AS IDENTITY (
    SEQUENCE NAME public.stqpictures_product_id_seq
    START WITH 1
    INCREMENT BY 1
    NO MINVALUE
    NO MAXVALUE
    CACHE 1
);


--
-- Name: stqpictures_profile; Type: TABLE; Schema: public; Owner: stqmedia_user
--

CREATE TABLE public.stqpictures_profile (
    id bigint NOT NULL,
    user_id integer NOT NULL,
    bio text NOT NULL,
    profile_picture character varying(100) NOT NULL
);


ALTER TABLE public.stqpictures_profile OWNER TO stqmedia_user;

--
-- Name: stqpictures_profile_id_seq; Type: SEQUENCE; Schema: public; Owner: stqmedia_user
--

ALTER TABLE public.stqpictures_profile ALTER COLUMN id ADD GENERATED BY DEFAULT AS IDENTITY (
    SEQUENCE NAME public.stqpictures_profile_id_seq
    START WITH 1
    INCREMENT BY 1
    NO MINVALUE
    NO MAXVALUE
    CACHE 1
);


--
-- Name: stqpictures_service; Type: TABLE; Schema: public; Owner: stqmedia_user
--

CREATE TABLE public.stqpictures_service (
    id bigint NOT NULL,
    name character varying(255) NOT NULL,
    description text NOT NULL,
    price numeric(10,2) NOT NULL,
    duration interval,
    service_type character varying(100) NOT NULL,
    created_at timestamp with time zone NOT NULL
);


ALTER TABLE public.stqpictures_service OWNER TO stqmedia_user;

--
-- Name: stqpictures_service_id_seq; Type: SEQUENCE; Schema: public; Owner: stqmedia_user
--

ALTER TABLE public.stqpictures_service ALTER COLUMN id ADD GENERATED BY DEFAULT AS IDENTITY (
    SEQUENCE NAME public.stqpictures_service_id_seq
    START WITH 1
    INCREMENT BY 1
    NO MINVALUE
    NO MAXVALUE
    CACHE 1
);


--
-- Name: stqpictures_video; Type: TABLE; Schema: public; Owner: stqmedia_user
--

CREATE TABLE public.stqpictures_video (
    id bigint NOT NULL,
    title character varying(255) NOT NULL,
    youtube_url character varying(200),
    video_file character varying(100),
    uploaded_by_id integer
);


ALTER TABLE public.stqpictures_video OWNER TO stqmedia_user;

--
-- Name: stqpictures_video_id_seq; Type: SEQUENCE; Schema: public; Owner: stqmedia_user
--

ALTER TABLE public.stqpictures_video ALTER COLUMN id ADD GENERATED BY DEFAULT AS IDENTITY (
    SEQUENCE NAME public.stqpictures_video_id_seq
    START WITH 1
    INCREMENT BY 1
    NO MINVALUE
    NO MAXVALUE
    CACHE 1
);


--
-- Data for Name: auth_group; Type: TABLE DATA; Schema: public; Owner: stqmedia_user
--

COPY public.auth_group (id, name) FROM stdin;
\.


--
-- Data for Name: auth_group_permissions; Type: TABLE DATA; Schema: public; Owner: stqmedia_user
--

COPY public.auth_group_permissions (id, group_id, permission_id) FROM stdin;
\.


--
-- Data for Name: auth_permission; Type: TABLE DATA; Schema: public; Owner: stqmedia_user
--

COPY public.auth_permission (id, name, content_type_id, codename) FROM stdin;
1	Can add log entry	1	add_logentry
2	Can change log entry	1	change_logentry
3	Can delete log entry	1	delete_logentry
4	Can view log entry	1	view_logentry
5	Can add permission	2	add_permission
6	Can change permission	2	change_permission
7	Can delete permission	2	delete_permission
8	Can view permission	2	view_permission
9	Can add group	3	add_group
10	Can change group	3	change_group
11	Can delete group	3	delete_group
12	Can view group	3	view_group
13	Can add user	4	add_user
14	Can change user	4	change_user
15	Can delete user	4	delete_user
16	Can view user	4	view_user
17	Can add content type	5	add_contenttype
18	Can change content type	5	change_contenttype
19	Can delete content type	5	delete_contenttype
20	Can view content type	5	view_contenttype
21	Can add session	6	add_session
22	Can change session	6	change_session
23	Can delete session	6	delete_session
24	Can view session	6	view_session
25	Can add blog post	7	add_blogpost
26	Can change blog post	7	change_blogpost
27	Can delete blog post	7	delete_blogpost
28	Can view blog post	7	view_blogpost
29	Can add product	8	add_product
30	Can change product	8	change_product
31	Can delete product	8	delete_product
32	Can view product	8	view_product
33	Can add service	9	add_service
34	Can change service	9	change_service
35	Can delete service	9	delete_service
36	Can view service	9	view_service
37	Can add cart	10	add_cart
38	Can change cart	10	change_cart
39	Can delete cart	10	delete_cart
40	Can view cart	10	view_cart
41	Can add cart item	11	add_cartitem
42	Can change cart item	11	change_cartitem
43	Can delete cart item	11	delete_cartitem
44	Can view cart item	11	view_cartitem
45	Can add competition entry	12	add_competitionentry
46	Can change competition entry	12	change_competitionentry
47	Can delete competition entry	12	delete_competitionentry
48	Can view competition entry	12	view_competitionentry
49	Can add video	13	add_video
50	Can change video	13	change_video
51	Can delete video	13	delete_video
52	Can view video	13	view_video
53	Can add profile	14	add_profile
54	Can change profile	14	change_profile
55	Can delete profile	14	delete_profile
56	Can view profile	14	view_profile
57	Can add access attempt	15	add_accessattempt
58	Can change access attempt	15	change_accessattempt
59	Can delete access attempt	15	delete_accessattempt
60	Can view access attempt	15	view_accessattempt
61	Can add access log	16	add_accesslog
62	Can change access log	16	change_accesslog
63	Can delete access log	16	delete_accesslog
64	Can view access log	16	view_accesslog
65	Can add access failure	17	add_accessfailurelog
66	Can change access failure	17	change_accessfailurelog
67	Can delete access failure	17	delete_accessfailurelog
68	Can view access failure	17	view_accessfailurelog
\.


--
-- Data for Name: auth_user; Type: TABLE DATA; Schema: public; Owner: stqmedia_user
--

COPY public.auth_user (id, password, last_login, is_superuser, username, first_name, last_name, email, is_staff, is_active, date_joined) FROM stdin;
1	pbkdf2_sha256$870000$XKPa1Jrdz67bHKgTP0Azpj$U4vNkSCvnJ6ueQ1+Rk2c+tmI5cN0r6b9aqLQ0r/yYE0=	2025-07-24 17:15:50.146996+02	t	pacific645			stqpictures@gmail.com	t	t	2025-03-05 17:46:50.245683+02
\.


--
-- Data for Name: auth_user_groups; Type: TABLE DATA; Schema: public; Owner: stqmedia_user
--

COPY public.auth_user_groups (id, user_id, group_id) FROM stdin;
\.


--
-- Data for Name: auth_user_user_permissions; Type: TABLE DATA; Schema: public; Owner: stqmedia_user
--

COPY public.auth_user_user_permissions (id, user_id, permission_id) FROM stdin;
\.


--
-- Data for Name: axes_accessattempt; Type: TABLE DATA; Schema: public; Owner: stqmedia_user
--

COPY public.axes_accessattempt (id, user_agent, ip_address, username, http_accept, path_info, attempt_time, get_data, post_data, failures_since_start) FROM stdin;
2	Mozilla/5.0 (Windows NT 10.0; Win64; x64) AppleWebKit/537.36 (KHTML, like Gecko) Chrome/137.0.0.0 Safari/537.36	127.0.0.1	stqpictures@gmail.com	text/html,application/xhtml+xml,application/xml;q=0.9,image/avif,image/webp,image/apng,*/*;q=0.8,application/signed-exchange;v=b3;q=0.7	/admin/login/	2025-07-24 17:05:45.461629+02	next=/admin/\n---------\nnext=/admin/	csrfmiddlewaretoken=dA0lyW9K4nLqyWsccdpU1msjUVle0oK9g3M6ENiiBK95q9MBf7vaF3BJEZK3F88P\nusername=********************\npassword=********************\nnext=/admin/\n---------\ncsrfmiddlewaretoken=shDE4uUaW7VlM6ApAvUttXUE9ercqdE5vKppal3Ituj0EjUODp0J7E34TiQ15X2L\nusername=********************\npassword=********************\nnext=/admin/	2
1	Mozilla/5.0 (Windows NT 10.0; Win64; x64) AppleWebKit/537.36 (KHTML, like Gecko) Chrome/137.0.0.0 Safari/537.36	127.0.0.1	Pacific645	text/html,application/xhtml+xml,application/xml;q=0.9,image/avif,image/webp,image/apng,*/*;q=0.8,application/signed-exchange;v=b3;q=0.7	/admin/login/	2025-07-24 17:05:56.728384+02	next=/admin/\n---------\nnext=/admin/	csrfmiddlewaretoken=W1zatTbhwHyyKc5RnfXHBXlfCgCQ2nUlZulVzKkP34WdCppgq93XfEuFmk1FH7i1\nusername=********************\npassword=********************\nnext=/admin/\n---------\ncsrfmiddlewaretoken=qzfumOTqp5GcTowLQiY2pCV4f1v7PFevt21fsF2YWs4RLBQaTc4i3j4uZ5UWupCb\nusername=********************\npassword=********************\nnext=/admin/	2
\.


--
-- Data for Name: axes_accessfailurelog; Type: TABLE DATA; Schema: public; Owner: stqmedia_user
--

COPY public.axes_accessfailurelog (id, user_agent, ip_address, username, http_accept, path_info, attempt_time, locked_out) FROM stdin;
\.


--
-- Data for Name: axes_accesslog; Type: TABLE DATA; Schema: public; Owner: stqmedia_user
--

COPY public.axes_accesslog (id, user_agent, ip_address, username, http_accept, path_info, attempt_time, logout_time, session_hash) FROM stdin;
1	Mozilla/5.0 (Windows NT 10.0; Win64; x64) AppleWebKit/537.36 (KHTML, like Gecko) Chrome/133.0.0.0 Safari/537.36	127.0.0.1	pacific645	text/html,application/xhtml+xml,application/xml;q=0.9,image/avif,image/webp,image/apng,*/*;q=0.8,application/signed-exchange;v=b3;q=0.7	/login/	2025-03-08 15:23:38.901227+02	\N	9120513b57fcc2dfce2801901478dcac4d9e5c5e220636ec5b296cff203df70e
2	Mozilla/5.0 (Windows NT 10.0; Win64; x64) AppleWebKit/537.36 (KHTML, like Gecko) Chrome/137.0.0.0 Safari/537.36	127.0.0.1	pacific645	text/html,application/xhtml+xml,application/xml;q=0.9,image/avif,image/webp,image/apng,*/*;q=0.8,application/signed-exchange;v=b3;q=0.7	/admin/login/	2025-07-24 17:15:50.234018+02	\N	ddaec9c09d8fe138b81e483b9f6306698f4a039aca48f3c05071e1fa4511874a
\.


--
-- Data for Name: django_admin_log; Type: TABLE DATA; Schema: public; Owner: stqmedia_user
--

COPY public.django_admin_log (id, action_time, object_id, object_repr, action_flag, change_message, content_type_id, user_id) FROM stdin;
1	2025-03-05 17:54:52.514555+02	1	The Future of Media, Sports, and Technology: A Vision for the Next Era	1	[{"added": {}}]	7	1
2	2025-03-05 17:57:02.725975+02	2	Elevating Creative Excellence Through Our Five Wings of Innovation	1	[{"added": {}}]	7	1
3	2025-03-05 17:58:05.119564+02	3	The Future of STQMedia: Pioneering Tech, Science, and the Digital Landscape	1	[{"added": {}}]	7	1
4	2025-03-07 11:05:08.419151+02	3	The Future of STQMedia: Pioneering Tech, Science, and the Digital Landscape	2	[{"changed": {"fields": ["Featured image"]}}]	7	1
5	2025-03-07 11:05:46.438358+02	2	Elevating Creative Excellence Through Our Five Wings of Innovation	2	[{"changed": {"fields": ["Featured image"]}}]	7	1
6	2025-03-07 11:09:22.161172+02	3	The Future of STQMedia: Pioneering Tech, Science, and the Digital Landscape	2	[{"changed": {"fields": ["Content"]}}]	7	1
7	2025-03-07 11:10:17.714025+02	3	Quest for Media, Sports, and Technology Excellence: A Vision for the Next Era	2	[{"changed": {"fields": ["Title"]}}]	7	1
8	2025-03-07 11:11:45.26317+02	1	The Future of STQMedia: Pioneering Tech, Science, and the Digital Landscape	2	[{"changed": {"fields": ["Title", "Content", "Featured image"]}}]	7	1
\.


--
-- Data for Name: django_content_type; Type: TABLE DATA; Schema: public; Owner: stqmedia_user
--

COPY public.django_content_type (id, app_label, model) FROM stdin;
1	admin	logentry
2	auth	permission
3	auth	group
4	auth	user
5	contenttypes	contenttype
6	sessions	session
7	stqpictures	blogpost
8	stqpictures	product
9	stqpictures	service
10	stqpictures	cart
11	stqpictures	cartitem
12	stqpictures	competitionentry
13	stqpictures	video
14	stqpictures	profile
15	axes	accessattempt
16	axes	accesslog
17	axes	accessfailurelog
\.


--
-- Data for Name: django_migrations; Type: TABLE DATA; Schema: public; Owner: stqmedia_user
--

COPY public.django_migrations (id, app, name, applied) FROM stdin;
1	contenttypes	0001_initial	2025-03-05 12:41:34.426383+02
2	auth	0001_initial	2025-03-05 12:41:36.991085+02
3	admin	0001_initial	2025-03-05 12:41:37.657128+02
4	admin	0002_logentry_remove_auto_add	2025-03-05 12:41:37.727762+02
5	admin	0003_logentry_add_action_flag_choices	2025-03-05 12:41:37.799693+02
6	contenttypes	0002_remove_content_type_name	2025-03-05 12:41:37.893397+02
7	auth	0002_alter_permission_name_max_length	2025-03-05 12:41:37.978618+02
8	auth	0003_alter_user_email_max_length	2025-03-05 12:41:38.033583+02
9	auth	0004_alter_user_username_opts	2025-03-05 12:41:38.095783+02
10	auth	0005_alter_user_last_login_null	2025-03-05 12:41:38.180622+02
11	auth	0006_require_contenttypes_0002	2025-03-05 12:41:38.232502+02
12	auth	0007_alter_validators_add_error_messages	2025-03-05 12:41:38.290001+02
13	auth	0008_alter_user_username_max_length	2025-03-05 12:41:38.491141+02
14	auth	0009_alter_user_last_name_max_length	2025-03-05 12:41:38.553201+02
15	auth	0010_alter_group_name_max_length	2025-03-05 12:41:38.615268+02
16	auth	0011_update_proxy_permissions	2025-03-05 12:41:38.682433+02
17	auth	0012_alter_user_first_name_max_length	2025-03-05 12:41:38.726659+02
18	sessions	0001_initial	2025-03-05 12:41:39.332638+02
19	stqpictures	0001_initial	2025-03-05 12:41:39.783687+02
20	stqpictures	0002_product	2025-03-05 12:41:40.252265+02
21	stqpictures	0003_service_cart_cartitem	2025-03-05 12:41:42.132727+02
22	stqpictures	0004_competitionentry	2025-03-05 12:41:42.424441+02
23	stqpictures	0005_video	2025-03-05 12:41:42.741812+02
24	stqpictures	0006_video_uploaded_by	2025-03-05 12:41:43.115551+02
25	stqpictures	0007_profile	2025-03-05 12:41:43.490645+02
26	stqpictures	0008_remove_profile_image_profile_bio_and_more	2025-03-05 12:41:43.705292+02
27	axes	0001_initial	2025-03-08 13:50:22.432832+02
28	axes	0002_auto_20151217_2044	2025-03-08 13:50:24.132809+02
29	axes	0003_auto_20160322_0929	2025-03-08 13:50:24.228381+02
30	axes	0004_auto_20181024_1538	2025-03-08 13:50:24.320518+02
31	axes	0005_remove_accessattempt_trusted	2025-03-08 13:50:24.51275+02
32	axes	0006_remove_accesslog_trusted	2025-03-08 13:50:24.605054+02
33	axes	0007_alter_accessattempt_unique_together	2025-03-08 13:50:24.850838+02
34	axes	0008_accessfailurelog	2025-03-08 13:50:25.923977+02
35	axes	0009_add_session_hash	2025-03-08 13:50:26.043032+02
\.


--
-- Data for Name: django_session; Type: TABLE DATA; Schema: public; Owner: stqmedia_user
--

COPY public.django_session (session_key, session_data, expire_date) FROM stdin;
10c81hfqpulalnbprl38r8hd6pb293zc	.eJxVjDsOwjAQBe_iGll-wZ81JT1niNZrgwMokeKkQtwdIqWA9s3Me6me16X2aytzP2R1UlCH3y2xPMq4gXzn8TZpmcZlHpLeFL3Tpi9TLs_z7v4dVG71W4dkHboQKHofbUci9pgKOMLBgsT5aCI8McBCgPEeKRax10wGZNT7A56tNiY:1tpsX5:aRUcar7EOUG6fsawH7pjquaiQTc2-1ZpMu4yCPwOMGk	2025-03-19 19:27:47.921784+02
fl546ky924ysjgwnlgh8lxs11nawttb6	.eJxVjDsOwjAQBe_iGll-wZ81JT1niNZrgwMokeKkQtwdIqWA9s3Me6me16X2aytzP2R1UlCH3y2xPMq4gXzn8TZpmcZlHpLeFL3Tpi9TLs_z7v4dVG71W4dkHboQKHofbUci9pgKOMLBgsT5aCI8McBCgPEeKRax10wGZNT7A56tNiY:1tqTYr:p0IoOpCJbWu4hq02JLahLfFxZNHQySuXUdbxAIQEDBQ	2025-03-21 11:00:05.661453+02
jv5kzmr3hvzjpj9g064u2doctj60pp8w	.eJxVjDsOwjAQBe_iGll-wZ81JT1niNZrgwMokeKkQtwdIqWA9s3Me6me16X2aytzP2R1UlCH3y2xPMq4gXzn8TZpmcZlHpLeFL3Tpi9TLs_z7v4dVG71W4dkHboQKHofbUci9pgKOMLBgsT5aCI8McBCgPEeKRax10wGZNT7A56tNiY:1tqg3c:zhvINq4m3p8_g_VN1iFJ61aN1LHB3saFBonnVsg0LJk	2025-03-22 00:20:40.955407+02
rodedamob6surjoaj0widxhlvtofh35v	.eJxVjDsOwjAQBe_iGll-wZ81JT1niNZrgwMokeKkQtwdIqWA9s3Me6me16X2aytzP2R1UlCH3y2xPMq4gXzn8TZpmcZlHpLeFL3Tpi9TLs_z7v4dVG71W4dkHboQKHofbUci9pgKOMLBgsT5aCI8McBCgPEeKRax10wGZNT7A56tNiY:1tqu9S:1l0J2iedOnhMRwE9TtudgJgW_JTdqoA3HDXCREs656Q	2025-03-22 15:23:38.991429+02
4iq9dz3l4uqi8go7ks17nask77e2pfg2	.eJxVjDsOwjAQBe_iGll-wZ81JT1niNZrgwMokeKkQtwdIqWA9s3Me6me16X2aytzP2R1UlCH3y2xPMq4gXzn8TZpmcZlHpLeFL3Tpi9TLs_z7v4dVG71W4dkHboQKHofbUci9pgKOMLBgsT5aCI8McBCgPEeKRax10wGZNT7A56tNiY:1uexfi:9l3ALJyPUEOFU9nNHd5hvRU4GX9mx1x4yx30ASHiptc	2025-08-07 17:15:50.382968+02
\.


--
-- Data for Name: stqpictures_blogpost; Type: TABLE DATA; Schema: public; Owner: stqmedia_user
--

COPY public.stqpictures_blogpost (id, title, content, featured_image, published_date) FROM stdin;
2	Elevating Creative Excellence Through Our Five Wings of Innovation	At STQMedia, creativity knows no bounds. As a dynamic creative powerhouse, we are driven by a singular vision: to craft impactful, high-quality content that merges the best of traditional artistry and modern technology. Our multifaceted approach to creativity spans across five wings: Film & Photography, Music, Fashion, Publishing, and Sports. Each of these wings is a testament to our commitment to innovation, excellence, and the seamless fusion of the physical and digital worlds. 1. Film & Photography: The Power of Visual Storytelling Film and photography have always been integral to how we communicate emotions, tell stories, and document human experiences. At STQMedia, we’ve redefined the creative process, employing cutting-edge techniques in HD film production and vintage-inspired photography to create visuals that leave a lasting impact. We take pride in our ability to merge traditional artistry with the latest innovations in camera technology, resulting in visuals that are timeless, yet forward-looking. Our team captures the essence of each story, ensuring that every frame and shot tells a tale of its own. 2. Music: Amplifying Voices with Technology Music has always been a central pillar of human expression, and at STQMedia, we believe in harnessing the power of technology to elevate the art form. We support artists with in-house production and marketing, empowering them to break through traditional barriers and reach global audiences. Through the integration of digital tools like AI-assisted music production, we’re reshaping the way music is created, recorded, and distributed. Our in-house studio is equipped with the latest technology to ensure that every sound produced resonates with the energy of the modern digital age. 3. Fashion: Merging Culture and Digital Design Fashion is about more than just clothing; it’s about identity, culture, and the intersection of technology and aesthetics. STQMedia’s fashion wing thrives on exclusive collections that celebrate African excellence while embracing modern technologies such as 3D design and virtual fashion. By merging traditional craftsmanship with digital innovations, we’re paving the way for a new era of fashion that is as immersive as it is forward-thinking. Through our virtual showrooms and augmented reality (AR) experiences, we bring the fashion world to life in entirely new ways. 4. Publishing: The Future of Narratives In a world where content consumption is increasingly digital, we have reimagined the role of publishing by turning narratives into visually striking multimedia experiences. Our publishing arm focuses on developing new voices in African literature, blending written word with dynamic visual media. We leverage technologies such as interactive eBooks and AI-powered publishing tools to ensure that stories are not just read but experienced. Our goal is to bridge the gap between the author’s vision and the reader’s interaction by delivering content in a way that is deeply engaging and profoundly impactful.	images/blog/stqblog3_32Y44Yu.jpg	2025-03-05 17:57:02.702644+02
3	Quest for Media, Sports, and Technology Excellence: A Vision for the Next Era	Embracing 4IR to Revolutionize the Media and Entertainment Industry\r\nAs STQMedia continues to push boundaries and redefine creative excellence, we are now setting our sights on sports and technology to fuel the next phase of our evolution. The principles of the Fourth Industrial Revolution (4IR) empower us to utilize cutting-edge technologies like Artificial Intelligence (AI), Blockchain, and Virtual Reality (VR) to drive this innovative change.\r\n\r\n1. The Future of Sports: Revolutionizing the Industry with Technology\r\nSTQMedia aims to merge the world of sports with a digital-first approach. By integrating AI-driven analytics and immersive experiences, we plan to revolutionize how sports content is consumed. Technologies like AR and VR will transform live events and fan interactions, creating hyper-interactive platforms where the global audience engages with sports beyond the traditional field.\r\n\r\n2. The Role of Technology in Redefining Media and Entertainment\r\n4IR technologies such as AI, blockchain, VR, and AR will shape the future of media. These advancements will transform production and distribution processes while enhancing audience interaction and content personalization. Blockchain ensures transparency, and AI opens doors to dynamic, interactive storytelling.\r\n\r\nA Vision for the Future: The Merging of Art, Sport, and Technology\r\nOur vision is to pioneer the next-generation media landscape where sports, media, and technology unite. By embracing 4IR, STQMedia aims to empower creators and audiences, driving innovation and reimagining entertainment.\r\n\r\nConclusion: Building the Future, Today\r\nThrough our five wings — Film, Music, Fashion, Publishing, and now Sports and Technology — STQMedia is at the forefront of creative and technological evolution, blending tradition with the promise of the future.	images/blog/stqblog2_mSbDSnc.jpg	2025-03-05 17:58:05.117021+02
1	The Future of STQMedia: Pioneering Tech, Science, and the Digital Landscape	At STQMedia, we’re always looking to the future, constantly pushing the boundaries of creativity and technology. As we prepare to launch our first born project, STQPictures, and expand into new digital realms, we’re diving deep into the world of tech and science — the driving forces that will power the future of media.\r\n\r\nThe Game of Software is ever-evolving, and we are determined to be at its pinnacle in the next 10 years. With this in mind, we’re embracing agility and innovation to build platforms and solutions that will continue to reign in a decade and beyond. Our vision is clear: to create a lasting legacy, not only in media but in the tech ecosystem itself.\r\n\r\n1. STQPictures: Our First Born Project\r\nSTQPictures, which is nearing the final stages of development at 90% completion, has set the stage for everything that’s to come. This innovative platform is designed to showcase the best of media content, powered by the latest technologies. As we approach deployment, our focus is on ensuring that it’s not just a platform, but an experience — an experience where technology meets creativity to push boundaries and set new standards in the media industry.\r\n\r\nWith the anticipated launch of STQPictures, we’re also excited to preview its “siblings,” which will focus on further expanding STQMedia’s footprint across the digital landscape.\r\n\r\n2. Introducing STQMedia_Africa: The Live Experience\r\nThe launch of STQMedia_Africa will be a major milestone in our journey. This platform will be the dynamic heart of our tech and media ventures, focusing on providing a live, interactive experience that combines media and tech in exciting new ways. As we break into the tech space, this platform will showcase our journey into software development, AI, machine learning, and other emerging technologies. The blog will give readers an in-depth look at the highs, lows, lessons, and insights we gain as we build the next-generation solutions that will power the future.\r\n\r\n3. The Siblings of STQPictures: Introducing the Next Generation of Apps\r\nAs we look to build a diverse ecosystem of platforms and applications under the STQMedia umbrella, we are thrilled to introduce our upcoming apps, which will serve as siblings to STQPictures:\r\n\r\nTech_Leratadima: This app will serve as a hub for our journey into the world of technology, coding, and software engineering. We’ll share insights, lessons, tips, and our experiences as we build with agility and work towards creating solutions that will stand the test of time. With a focus on machine learning, AI, and programming, Tech_Leratadima will be a space for learning and growth, as well as a platform to showcase our innovation in the tech world.\r\n\r\nSTQSports_Channel: A diverse sports platform that covers a wide range of content, from live scores and rankings to news and exclusive events. Key features will include:\r\n\r\nLudo Super League Activities and Rankings: A dedicated section for competitive gaming and sports, featuring rankings, match highlights, and live events.\r\nTrolleyPusha_Sports: A sports-related content hub that covers the latest in sports trends, news, and updates across various disciplines.\r\nMafekefekeng_Lite: A platform that brings African entertainment to the forefront. Mafekefekeng_Lite will feature streaming of local songs, behind-the-scenes footage, the RapIsPower series, as well as trailers for local films, comedies, and documentaries. This app will be a key player in bridging the gap between Africa’s creative industries and the world, empowering African talent to shine on a global stage.\r\n\r\n4. The Promises of the Last Two Blogs and What’s Next\r\nIn our previous blogs, we highlighted STQMedia’s commitment to merging creativity with technology, pushing boundaries across various industries like film, music, fashion, and sports. Now, we’re stepping into the future with tech and software at the core of our strategy. The promises made in those blogs are being brought to life with each step we take in our tech journey.\r\n\r\nWe’ve been laying the groundwork for a new era in tech and media, and with STQMedia_Africa and our upcoming apps, we’re setting ourselves up for an exciting and impactful future. These platforms will not only complement STQPictures but will help create a connected ecosystem where media and technology merge seamlessly.\r\n\r\n5. Conclusion: Blending Creativity, Tech, and Innovation\r\nAs we continue to evolve, STQMedia remains at the forefront of both creative and technological innovation. With STQPictures leading the charge, and new platforms like Tech_Leratadima, STQSports_Channel, and Mafekefekeng_Lite following closely behind, we are ready to embark on an exciting journey that will shape the future of media and technology.\r\n\r\nWe believe that the future is bright, and our efforts to blend creativity with cutting-edge technology will ensure that STQMedia remains at the forefront of the media landscape. Together, with the power of innovation, we will craft impactful stories, build powerful platforms, and create a legacy that will last for generations to come.\r\n\r\nStay tuned for more updates as we continue our journey into the tech space and beyond. The future of STQMedia is here — and we’re just getting started.	images/blog/stqpictures_blog3_DDcw5CC.jpg	2025-03-05 17:54:52.344495+02
\.


--
-- Data for Name: stqpictures_cart; Type: TABLE DATA; Schema: public; Owner: stqmedia_user
--

COPY public.stqpictures_cart (id, user_id) FROM stdin;
\.


--
-- Data for Name: stqpictures_cartitem; Type: TABLE DATA; Schema: public; Owner: stqmedia_user
--

COPY public.stqpictures_cartitem (id, quantity, cart_id, product_id, service_id) FROM stdin;
\.


--
-- Data for Name: stqpictures_competitionentry; Type: TABLE DATA; Schema: public; Owner: stqmedia_user
--

COPY public.stqpictures_competitionentry (id, name, email, phone, category, upload_link, submission_date, active) FROM stdin;
\.


--
-- Data for Name: stqpictures_product; Type: TABLE DATA; Schema: public; Owner: stqmedia_user
--

COPY public.stqpictures_product (id, name, description, price, image, category, created_at) FROM stdin;
\.


--
-- Data for Name: stqpictures_profile; Type: TABLE DATA; Schema: public; Owner: stqmedia_user
--

COPY public.stqpictures_profile (id, user_id, bio, profile_picture) FROM stdin;
\.


--
-- Data for Name: stqpictures_service; Type: TABLE DATA; Schema: public; Owner: stqmedia_user
--

COPY public.stqpictures_service (id, name, description, price, duration, service_type, created_at) FROM stdin;
\.


--
-- Data for Name: stqpictures_video; Type: TABLE DATA; Schema: public; Owner: stqmedia_user
--

COPY public.stqpictures_video (id, title, youtube_url, video_file, uploaded_by_id) FROM stdin;
\.


--
-- Name: auth_group_id_seq; Type: SEQUENCE SET; Schema: public; Owner: stqmedia_user
--

SELECT pg_catalog.setval('public.auth_group_id_seq', 1, false);


--
-- Name: auth_group_permissions_id_seq; Type: SEQUENCE SET; Schema: public; Owner: stqmedia_user
--

SELECT pg_catalog.setval('public.auth_group_permissions_id_seq', 1, false);


--
-- Name: auth_permission_id_seq; Type: SEQUENCE SET; Schema: public; Owner: stqmedia_user
--

SELECT pg_catalog.setval('public.auth_permission_id_seq', 68, true);


--
-- Name: auth_user_groups_id_seq; Type: SEQUENCE SET; Schema: public; Owner: stqmedia_user
--

SELECT pg_catalog.setval('public.auth_user_groups_id_seq', 1, false);


--
-- Name: auth_user_id_seq; Type: SEQUENCE SET; Schema: public; Owner: stqmedia_user
--

SELECT pg_catalog.setval('public.auth_user_id_seq', 1, true);


--
-- Name: auth_user_user_permissions_id_seq; Type: SEQUENCE SET; Schema: public; Owner: stqmedia_user
--

SELECT pg_catalog.setval('public.auth_user_user_permissions_id_seq', 1, false);


--
-- Name: axes_accessattempt_id_seq; Type: SEQUENCE SET; Schema: public; Owner: stqmedia_user
--

SELECT pg_catalog.setval('public.axes_accessattempt_id_seq', 2, true);


--
-- Name: axes_accessfailurelog_id_seq; Type: SEQUENCE SET; Schema: public; Owner: stqmedia_user
--

SELECT pg_catalog.setval('public.axes_accessfailurelog_id_seq', 1, false);


--
-- Name: axes_accesslog_id_seq; Type: SEQUENCE SET; Schema: public; Owner: stqmedia_user
--

SELECT pg_catalog.setval('public.axes_accesslog_id_seq', 2, true);


--
-- Name: django_admin_log_id_seq; Type: SEQUENCE SET; Schema: public; Owner: stqmedia_user
--

SELECT pg_catalog.setval('public.django_admin_log_id_seq', 8, true);


--
-- Name: django_content_type_id_seq; Type: SEQUENCE SET; Schema: public; Owner: stqmedia_user
--

SELECT pg_catalog.setval('public.django_content_type_id_seq', 17, true);


--
-- Name: django_migrations_id_seq; Type: SEQUENCE SET; Schema: public; Owner: stqmedia_user
--

SELECT pg_catalog.setval('public.django_migrations_id_seq', 35, true);


--
-- Name: stqpictures_blogpost_id_seq; Type: SEQUENCE SET; Schema: public; Owner: stqmedia_user
--

SELECT pg_catalog.setval('public.stqpictures_blogpost_id_seq', 3, true);


--
-- Name: stqpictures_cart_id_seq; Type: SEQUENCE SET; Schema: public; Owner: stqmedia_user
--

SELECT pg_catalog.setval('public.stqpictures_cart_id_seq', 1, false);


--
-- Name: stqpictures_cartitem_id_seq; Type: SEQUENCE SET; Schema: public; Owner: stqmedia_user
--

SELECT pg_catalog.setval('public.stqpictures_cartitem_id_seq', 1, false);


--
-- Name: stqpictures_competitionentry_id_seq; Type: SEQUENCE SET; Schema: public; Owner: stqmedia_user
--

SELECT pg_catalog.setval('public.stqpictures_competitionentry_id_seq', 1, false);


--
-- Name: stqpictures_product_id_seq; Type: SEQUENCE SET; Schema: public; Owner: stqmedia_user
--

SELECT pg_catalog.setval('public.stqpictures_product_id_seq', 1, false);


--
-- Name: stqpictures_profile_id_seq; Type: SEQUENCE SET; Schema: public; Owner: stqmedia_user
--

SELECT pg_catalog.setval('public.stqpictures_profile_id_seq', 1, false);


--
-- Name: stqpictures_service_id_seq; Type: SEQUENCE SET; Schema: public; Owner: stqmedia_user
--

SELECT pg_catalog.setval('public.stqpictures_service_id_seq', 1, false);


--
-- Name: stqpictures_video_id_seq; Type: SEQUENCE SET; Schema: public; Owner: stqmedia_user
--

SELECT pg_catalog.setval('public.stqpictures_video_id_seq', 1, false);


--
-- Name: auth_group auth_group_name_key; Type: CONSTRAINT; Schema: public; Owner: stqmedia_user
--

ALTER TABLE ONLY public.auth_group
    ADD CONSTRAINT auth_group_name_key UNIQUE (name);


--
-- Name: auth_group_permissions auth_group_permissions_group_id_permission_id_0cd325b0_uniq; Type: CONSTRAINT; Schema: public; Owner: stqmedia_user
--

ALTER TABLE ONLY public.auth_group_permissions
    ADD CONSTRAINT auth_group_permissions_group_id_permission_id_0cd325b0_uniq UNIQUE (group_id, permission_id);


--
-- Name: auth_group_permissions auth_group_permissions_pkey; Type: CONSTRAINT; Schema: public; Owner: stqmedia_user
--

ALTER TABLE ONLY public.auth_group_permissions
    ADD CONSTRAINT auth_group_permissions_pkey PRIMARY KEY (id);


--
-- Name: auth_group auth_group_pkey; Type: CONSTRAINT; Schema: public; Owner: stqmedia_user
--

ALTER TABLE ONLY public.auth_group
    ADD CONSTRAINT auth_group_pkey PRIMARY KEY (id);


--
-- Name: auth_permission auth_permission_content_type_id_codename_01ab375a_uniq; Type: CONSTRAINT; Schema: public; Owner: stqmedia_user
--

ALTER TABLE ONLY public.auth_permission
    ADD CONSTRAINT auth_permission_content_type_id_codename_01ab375a_uniq UNIQUE (content_type_id, codename);


--
-- Name: auth_permission auth_permission_pkey; Type: CONSTRAINT; Schema: public; Owner: stqmedia_user
--

ALTER TABLE ONLY public.auth_permission
    ADD CONSTRAINT auth_permission_pkey PRIMARY KEY (id);


--
-- Name: auth_user_groups auth_user_groups_pkey; Type: CONSTRAINT; Schema: public; Owner: stqmedia_user
--

ALTER TABLE ONLY public.auth_user_groups
    ADD CONSTRAINT auth_user_groups_pkey PRIMARY KEY (id);


--
-- Name: auth_user_groups auth_user_groups_user_id_group_id_94350c0c_uniq; Type: CONSTRAINT; Schema: public; Owner: stqmedia_user
--

ALTER TABLE ONLY public.auth_user_groups
    ADD CONSTRAINT auth_user_groups_user_id_group_id_94350c0c_uniq UNIQUE (user_id, group_id);


--
-- Name: auth_user auth_user_pkey; Type: CONSTRAINT; Schema: public; Owner: stqmedia_user
--

ALTER TABLE ONLY public.auth_user
    ADD CONSTRAINT auth_user_pkey PRIMARY KEY (id);


--
-- Name: auth_user_user_permissions auth_user_user_permissions_pkey; Type: CONSTRAINT; Schema: public; Owner: stqmedia_user
--

ALTER TABLE ONLY public.auth_user_user_permissions
    ADD CONSTRAINT auth_user_user_permissions_pkey PRIMARY KEY (id);


--
-- Name: auth_user_user_permissions auth_user_user_permissions_user_id_permission_id_14a6b632_uniq; Type: CONSTRAINT; Schema: public; Owner: stqmedia_user
--

ALTER TABLE ONLY public.auth_user_user_permissions
    ADD CONSTRAINT auth_user_user_permissions_user_id_permission_id_14a6b632_uniq UNIQUE (user_id, permission_id);


--
-- Name: auth_user auth_user_username_key; Type: CONSTRAINT; Schema: public; Owner: stqmedia_user
--

ALTER TABLE ONLY public.auth_user
    ADD CONSTRAINT auth_user_username_key UNIQUE (username);


--
-- Name: axes_accessattempt axes_accessattempt_pkey; Type: CONSTRAINT; Schema: public; Owner: stqmedia_user
--

ALTER TABLE ONLY public.axes_accessattempt
    ADD CONSTRAINT axes_accessattempt_pkey PRIMARY KEY (id);


--
-- Name: axes_accessattempt axes_accessattempt_username_ip_address_user_agent_8ea22282_uniq; Type: CONSTRAINT; Schema: public; Owner: stqmedia_user
--

ALTER TABLE ONLY public.axes_accessattempt
    ADD CONSTRAINT axes_accessattempt_username_ip_address_user_agent_8ea22282_uniq UNIQUE (username, ip_address, user_agent);


--
-- Name: axes_accessfailurelog axes_accessfailurelog_pkey; Type: CONSTRAINT; Schema: public; Owner: stqmedia_user
--

ALTER TABLE ONLY public.axes_accessfailurelog
    ADD CONSTRAINT axes_accessfailurelog_pkey PRIMARY KEY (id);


--
-- Name: axes_accesslog axes_accesslog_pkey; Type: CONSTRAINT; Schema: public; Owner: stqmedia_user
--

ALTER TABLE ONLY public.axes_accesslog
    ADD CONSTRAINT axes_accesslog_pkey PRIMARY KEY (id);


--
-- Name: django_admin_log django_admin_log_pkey; Type: CONSTRAINT; Schema: public; Owner: stqmedia_user
--

ALTER TABLE ONLY public.django_admin_log
    ADD CONSTRAINT django_admin_log_pkey PRIMARY KEY (id);


--
-- Name: django_content_type django_content_type_app_label_model_76bd3d3b_uniq; Type: CONSTRAINT; Schema: public; Owner: stqmedia_user
--

ALTER TABLE ONLY public.django_content_type
    ADD CONSTRAINT django_content_type_app_label_model_76bd3d3b_uniq UNIQUE (app_label, model);


--
-- Name: django_content_type django_content_type_pkey; Type: CONSTRAINT; Schema: public; Owner: stqmedia_user
--

ALTER TABLE ONLY public.django_content_type
    ADD CONSTRAINT django_content_type_pkey PRIMARY KEY (id);


--
-- Name: django_migrations django_migrations_pkey; Type: CONSTRAINT; Schema: public; Owner: stqmedia_user
--

ALTER TABLE ONLY public.django_migrations
    ADD CONSTRAINT django_migrations_pkey PRIMARY KEY (id);


--
-- Name: django_session django_session_pkey; Type: CONSTRAINT; Schema: public; Owner: stqmedia_user
--

ALTER TABLE ONLY public.django_session
    ADD CONSTRAINT django_session_pkey PRIMARY KEY (session_key);


--
-- Name: stqpictures_blogpost stqpictures_blogpost_pkey; Type: CONSTRAINT; Schema: public; Owner: stqmedia_user
--

ALTER TABLE ONLY public.stqpictures_blogpost
    ADD CONSTRAINT stqpictures_blogpost_pkey PRIMARY KEY (id);


--
-- Name: stqpictures_cart stqpictures_cart_pkey; Type: CONSTRAINT; Schema: public; Owner: stqmedia_user
--

ALTER TABLE ONLY public.stqpictures_cart
    ADD CONSTRAINT stqpictures_cart_pkey PRIMARY KEY (id);


--
-- Name: stqpictures_cart stqpictures_cart_user_id_key; Type: CONSTRAINT; Schema: public; Owner: stqmedia_user
--

ALTER TABLE ONLY public.stqpictures_cart
    ADD CONSTRAINT stqpictures_cart_user_id_key UNIQUE (user_id);


--
-- Name: stqpictures_cartitem stqpictures_cartitem_cart_id_product_id_servi_62a1946c_uniq; Type: CONSTRAINT; Schema: public; Owner: stqmedia_user
--

ALTER TABLE ONLY public.stqpictures_cartitem
    ADD CONSTRAINT stqpictures_cartitem_cart_id_product_id_servi_62a1946c_uniq UNIQUE (cart_id, product_id, service_id);


--
-- Name: stqpictures_cartitem stqpictures_cartitem_pkey; Type: CONSTRAINT; Schema: public; Owner: stqmedia_user
--

ALTER TABLE ONLY public.stqpictures_cartitem
    ADD CONSTRAINT stqpictures_cartitem_pkey PRIMARY KEY (id);


--
-- Name: stqpictures_competitionentry stqpictures_competitionentry_pkey; Type: CONSTRAINT; Schema: public; Owner: stqmedia_user
--

ALTER TABLE ONLY public.stqpictures_competitionentry
    ADD CONSTRAINT stqpictures_competitionentry_pkey PRIMARY KEY (id);


--
-- Name: stqpictures_product stqpictures_product_pkey; Type: CONSTRAINT; Schema: public; Owner: stqmedia_user
--

ALTER TABLE ONLY public.stqpictures_product
    ADD CONSTRAINT stqpictures_product_pkey PRIMARY KEY (id);


--
-- Name: stqpictures_profile stqpictures_profile_pkey; Type: CONSTRAINT; Schema: public; Owner: stqmedia_user
--

ALTER TABLE ONLY public.stqpictures_profile
    ADD CONSTRAINT stqpictures_profile_pkey PRIMARY KEY (id);


--
-- Name: stqpictures_profile stqpictures_profile_user_id_key; Type: CONSTRAINT; Schema: public; Owner: stqmedia_user
--

ALTER TABLE ONLY public.stqpictures_profile
    ADD CONSTRAINT stqpictures_profile_user_id_key UNIQUE (user_id);


--
-- Name: stqpictures_service stqpictures_service_pkey; Type: CONSTRAINT; Schema: public; Owner: stqmedia_user
--

ALTER TABLE ONLY public.stqpictures_service
    ADD CONSTRAINT stqpictures_service_pkey PRIMARY KEY (id);


--
-- Name: stqpictures_video stqpictures_video_pkey; Type: CONSTRAINT; Schema: public; Owner: stqmedia_user
--

ALTER TABLE ONLY public.stqpictures_video
    ADD CONSTRAINT stqpictures_video_pkey PRIMARY KEY (id);


--
-- Name: auth_group_name_a6ea08ec_like; Type: INDEX; Schema: public; Owner: stqmedia_user
--

CREATE INDEX auth_group_name_a6ea08ec_like ON public.auth_group USING btree (name varchar_pattern_ops);


--
-- Name: auth_group_permissions_group_id_b120cbf9; Type: INDEX; Schema: public; Owner: stqmedia_user
--

CREATE INDEX auth_group_permissions_group_id_b120cbf9 ON public.auth_group_permissions USING btree (group_id);


--
-- Name: auth_group_permissions_permission_id_84c5c92e; Type: INDEX; Schema: public; Owner: stqmedia_user
--

CREATE INDEX auth_group_permissions_permission_id_84c5c92e ON public.auth_group_permissions USING btree (permission_id);


--
-- Name: auth_permission_content_type_id_2f476e4b; Type: INDEX; Schema: public; Owner: stqmedia_user
--

CREATE INDEX auth_permission_content_type_id_2f476e4b ON public.auth_permission USING btree (content_type_id);


--
-- Name: auth_user_groups_group_id_97559544; Type: INDEX; Schema: public; Owner: stqmedia_user
--

CREATE INDEX auth_user_groups_group_id_97559544 ON public.auth_user_groups USING btree (group_id);


--
-- Name: auth_user_groups_user_id_6a12ed8b; Type: INDEX; Schema: public; Owner: stqmedia_user
--

CREATE INDEX auth_user_groups_user_id_6a12ed8b ON public.auth_user_groups USING btree (user_id);


--
-- Name: auth_user_user_permissions_permission_id_1fbb5f2c; Type: INDEX; Schema: public; Owner: stqmedia_user
--

CREATE INDEX auth_user_user_permissions_permission_id_1fbb5f2c ON public.auth_user_user_permissions USING btree (permission_id);


--
-- Name: auth_user_user_permissions_user_id_a95ead1b; Type: INDEX; Schema: public; Owner: stqmedia_user
--

CREATE INDEX auth_user_user_permissions_user_id_a95ead1b ON public.auth_user_user_permissions USING btree (user_id);


--
-- Name: auth_user_username_6821ab7c_like; Type: INDEX; Schema: public; Owner: stqmedia_user
--

CREATE INDEX auth_user_username_6821ab7c_like ON public.auth_user USING btree (username varchar_pattern_ops);


--
-- Name: axes_accessattempt_ip_address_10922d9c; Type: INDEX; Schema: public; Owner: stqmedia_user
--

CREATE INDEX axes_accessattempt_ip_address_10922d9c ON public.axes_accessattempt USING btree (ip_address);


--
-- Name: axes_accessattempt_user_agent_ad89678b; Type: INDEX; Schema: public; Owner: stqmedia_user
--

CREATE INDEX axes_accessattempt_user_agent_ad89678b ON public.axes_accessattempt USING btree (user_agent);


--
-- Name: axes_accessattempt_user_agent_ad89678b_like; Type: INDEX; Schema: public; Owner: stqmedia_user
--

CREATE INDEX axes_accessattempt_user_agent_ad89678b_like ON public.axes_accessattempt USING btree (user_agent varchar_pattern_ops);


--
-- Name: axes_accessattempt_username_3f2d4ca0; Type: INDEX; Schema: public; Owner: stqmedia_user
--

CREATE INDEX axes_accessattempt_username_3f2d4ca0 ON public.axes_accessattempt USING btree (username);


--
-- Name: axes_accessattempt_username_3f2d4ca0_like; Type: INDEX; Schema: public; Owner: stqmedia_user
--

CREATE INDEX axes_accessattempt_username_3f2d4ca0_like ON public.axes_accessattempt USING btree (username varchar_pattern_ops);


--
-- Name: axes_accessfailurelog_ip_address_2e9f5a7f; Type: INDEX; Schema: public; Owner: stqmedia_user
--

CREATE INDEX axes_accessfailurelog_ip_address_2e9f5a7f ON public.axes_accessfailurelog USING btree (ip_address);


--
-- Name: axes_accessfailurelog_user_agent_ea145dda; Type: INDEX; Schema: public; Owner: stqmedia_user
--

CREATE INDEX axes_accessfailurelog_user_agent_ea145dda ON public.axes_accessfailurelog USING btree (user_agent);


--
-- Name: axes_accessfailurelog_user_agent_ea145dda_like; Type: INDEX; Schema: public; Owner: stqmedia_user
--

CREATE INDEX axes_accessfailurelog_user_agent_ea145dda_like ON public.axes_accessfailurelog USING btree (user_agent varchar_pattern_ops);


--
-- Name: axes_accessfailurelog_username_a8b7e8a4; Type: INDEX; Schema: public; Owner: stqmedia_user
--

CREATE INDEX axes_accessfailurelog_username_a8b7e8a4 ON public.axes_accessfailurelog USING btree (username);


--
-- Name: axes_accessfailurelog_username_a8b7e8a4_like; Type: INDEX; Schema: public; Owner: stqmedia_user
--

CREATE INDEX axes_accessfailurelog_username_a8b7e8a4_like ON public.axes_accessfailurelog USING btree (username varchar_pattern_ops);


--
-- Name: axes_accesslog_ip_address_86b417e5; Type: INDEX; Schema: public; Owner: stqmedia_user
--

CREATE INDEX axes_accesslog_ip_address_86b417e5 ON public.axes_accesslog USING btree (ip_address);


--
-- Name: axes_accesslog_user_agent_0e659004; Type: INDEX; Schema: public; Owner: stqmedia_user
--

CREATE INDEX axes_accesslog_user_agent_0e659004 ON public.axes_accesslog USING btree (user_agent);


--
-- Name: axes_accesslog_user_agent_0e659004_like; Type: INDEX; Schema: public; Owner: stqmedia_user
--

CREATE INDEX axes_accesslog_user_agent_0e659004_like ON public.axes_accesslog USING btree (user_agent varchar_pattern_ops);


--
-- Name: axes_accesslog_username_df93064b; Type: INDEX; Schema: public; Owner: stqmedia_user
--

CREATE INDEX axes_accesslog_username_df93064b ON public.axes_accesslog USING btree (username);


--
-- Name: axes_accesslog_username_df93064b_like; Type: INDEX; Schema: public; Owner: stqmedia_user
--

CREATE INDEX axes_accesslog_username_df93064b_like ON public.axes_accesslog USING btree (username varchar_pattern_ops);


--
-- Name: django_admin_log_content_type_id_c4bce8eb; Type: INDEX; Schema: public; Owner: stqmedia_user
--

CREATE INDEX django_admin_log_content_type_id_c4bce8eb ON public.django_admin_log USING btree (content_type_id);


--
-- Name: django_admin_log_user_id_c564eba6; Type: INDEX; Schema: public; Owner: stqmedia_user
--

CREATE INDEX django_admin_log_user_id_c564eba6 ON public.django_admin_log USING btree (user_id);


--
-- Name: django_session_expire_date_a5c62663; Type: INDEX; Schema: public; Owner: stqmedia_user
--

CREATE INDEX django_session_expire_date_a5c62663 ON public.django_session USING btree (expire_date);


--
-- Name: django_session_session_key_c0390e0f_like; Type: INDEX; Schema: public; Owner: stqmedia_user
--

CREATE INDEX django_session_session_key_c0390e0f_like ON public.django_session USING btree (session_key varchar_pattern_ops);


--
-- Name: stqpictures_cartitem_cart_id_79382698; Type: INDEX; Schema: public; Owner: stqmedia_user
--

CREATE INDEX stqpictures_cartitem_cart_id_79382698 ON public.stqpictures_cartitem USING btree (cart_id);


--
-- Name: stqpictures_cartitem_product_id_b295c6ab; Type: INDEX; Schema: public; Owner: stqmedia_user
--

CREATE INDEX stqpictures_cartitem_product_id_b295c6ab ON public.stqpictures_cartitem USING btree (product_id);


--
-- Name: stqpictures_cartitem_service_id_2fcfd205; Type: INDEX; Schema: public; Owner: stqmedia_user
--

CREATE INDEX stqpictures_cartitem_service_id_2fcfd205 ON public.stqpictures_cartitem USING btree (service_id);


--
-- Name: stqpictures_video_uploaded_by_id_622fd984; Type: INDEX; Schema: public; Owner: stqmedia_user
--

CREATE INDEX stqpictures_video_uploaded_by_id_622fd984 ON public.stqpictures_video USING btree (uploaded_by_id);


--
-- Name: auth_group_permissions auth_group_permissio_permission_id_84c5c92e_fk_auth_perm; Type: FK CONSTRAINT; Schema: public; Owner: stqmedia_user
--

ALTER TABLE ONLY public.auth_group_permissions
    ADD CONSTRAINT auth_group_permissio_permission_id_84c5c92e_fk_auth_perm FOREIGN KEY (permission_id) REFERENCES public.auth_permission(id) DEFERRABLE INITIALLY DEFERRED;


--
-- Name: auth_group_permissions auth_group_permissions_group_id_b120cbf9_fk_auth_group_id; Type: FK CONSTRAINT; Schema: public; Owner: stqmedia_user
--

ALTER TABLE ONLY public.auth_group_permissions
    ADD CONSTRAINT auth_group_permissions_group_id_b120cbf9_fk_auth_group_id FOREIGN KEY (group_id) REFERENCES public.auth_group(id) DEFERRABLE INITIALLY DEFERRED;


--
-- Name: auth_permission auth_permission_content_type_id_2f476e4b_fk_django_co; Type: FK CONSTRAINT; Schema: public; Owner: stqmedia_user
--

ALTER TABLE ONLY public.auth_permission
    ADD CONSTRAINT auth_permission_content_type_id_2f476e4b_fk_django_co FOREIGN KEY (content_type_id) REFERENCES public.django_content_type(id) DEFERRABLE INITIALLY DEFERRED;


--
-- Name: auth_user_groups auth_user_groups_group_id_97559544_fk_auth_group_id; Type: FK CONSTRAINT; Schema: public; Owner: stqmedia_user
--

ALTER TABLE ONLY public.auth_user_groups
    ADD CONSTRAINT auth_user_groups_group_id_97559544_fk_auth_group_id FOREIGN KEY (group_id) REFERENCES public.auth_group(id) DEFERRABLE INITIALLY DEFERRED;


--
-- Name: auth_user_groups auth_user_groups_user_id_6a12ed8b_fk_auth_user_id; Type: FK CONSTRAINT; Schema: public; Owner: stqmedia_user
--

ALTER TABLE ONLY public.auth_user_groups
    ADD CONSTRAINT auth_user_groups_user_id_6a12ed8b_fk_auth_user_id FOREIGN KEY (user_id) REFERENCES public.auth_user(id) DEFERRABLE INITIALLY DEFERRED;


--
-- Name: auth_user_user_permissions auth_user_user_permi_permission_id_1fbb5f2c_fk_auth_perm; Type: FK CONSTRAINT; Schema: public; Owner: stqmedia_user
--

ALTER TABLE ONLY public.auth_user_user_permissions
    ADD CONSTRAINT auth_user_user_permi_permission_id_1fbb5f2c_fk_auth_perm FOREIGN KEY (permission_id) REFERENCES public.auth_permission(id) DEFERRABLE INITIALLY DEFERRED;


--
-- Name: auth_user_user_permissions auth_user_user_permissions_user_id_a95ead1b_fk_auth_user_id; Type: FK CONSTRAINT; Schema: public; Owner: stqmedia_user
--

ALTER TABLE ONLY public.auth_user_user_permissions
    ADD CONSTRAINT auth_user_user_permissions_user_id_a95ead1b_fk_auth_user_id FOREIGN KEY (user_id) REFERENCES public.auth_user(id) DEFERRABLE INITIALLY DEFERRED;


--
-- Name: django_admin_log django_admin_log_content_type_id_c4bce8eb_fk_django_co; Type: FK CONSTRAINT; Schema: public; Owner: stqmedia_user
--

ALTER TABLE ONLY public.django_admin_log
    ADD CONSTRAINT django_admin_log_content_type_id_c4bce8eb_fk_django_co FOREIGN KEY (content_type_id) REFERENCES public.django_content_type(id) DEFERRABLE INITIALLY DEFERRED;


--
-- Name: django_admin_log django_admin_log_user_id_c564eba6_fk_auth_user_id; Type: FK CONSTRAINT; Schema: public; Owner: stqmedia_user
--

ALTER TABLE ONLY public.django_admin_log
    ADD CONSTRAINT django_admin_log_user_id_c564eba6_fk_auth_user_id FOREIGN KEY (user_id) REFERENCES public.auth_user(id) DEFERRABLE INITIALLY DEFERRED;


--
-- Name: stqpictures_cart stqpictures_cart_user_id_f2835552_fk_auth_user_id; Type: FK CONSTRAINT; Schema: public; Owner: stqmedia_user
--

ALTER TABLE ONLY public.stqpictures_cart
    ADD CONSTRAINT stqpictures_cart_user_id_f2835552_fk_auth_user_id FOREIGN KEY (user_id) REFERENCES public.auth_user(id) DEFERRABLE INITIALLY DEFERRED;


--
-- Name: stqpictures_cartitem stqpictures_cartitem_cart_id_79382698_fk_stqpictures_cart_id; Type: FK CONSTRAINT; Schema: public; Owner: stqmedia_user
--

ALTER TABLE ONLY public.stqpictures_cartitem
    ADD CONSTRAINT stqpictures_cartitem_cart_id_79382698_fk_stqpictures_cart_id FOREIGN KEY (cart_id) REFERENCES public.stqpictures_cart(id) DEFERRABLE INITIALLY DEFERRED;


--
-- Name: stqpictures_cartitem stqpictures_cartitem_product_id_b295c6ab_fk_stqpictur; Type: FK CONSTRAINT; Schema: public; Owner: stqmedia_user
--

ALTER TABLE ONLY public.stqpictures_cartitem
    ADD CONSTRAINT stqpictures_cartitem_product_id_b295c6ab_fk_stqpictur FOREIGN KEY (product_id) REFERENCES public.stqpictures_product(id) DEFERRABLE INITIALLY DEFERRED;


--
-- Name: stqpictures_cartitem stqpictures_cartitem_service_id_2fcfd205_fk_stqpictur; Type: FK CONSTRAINT; Schema: public; Owner: stqmedia_user
--

ALTER TABLE ONLY public.stqpictures_cartitem
    ADD CONSTRAINT stqpictures_cartitem_service_id_2fcfd205_fk_stqpictur FOREIGN KEY (service_id) REFERENCES public.stqpictures_service(id) DEFERRABLE INITIALLY DEFERRED;


--
-- Name: stqpictures_profile stqpictures_profile_user_id_cfbac92d_fk_auth_user_id; Type: FK CONSTRAINT; Schema: public; Owner: stqmedia_user
--

ALTER TABLE ONLY public.stqpictures_profile
    ADD CONSTRAINT stqpictures_profile_user_id_cfbac92d_fk_auth_user_id FOREIGN KEY (user_id) REFERENCES public.auth_user(id) DEFERRABLE INITIALLY DEFERRED;


--
-- Name: stqpictures_video stqpictures_video_uploaded_by_id_622fd984_fk_auth_user_id; Type: FK CONSTRAINT; Schema: public; Owner: stqmedia_user
--

ALTER TABLE ONLY public.stqpictures_video
    ADD CONSTRAINT stqpictures_video_uploaded_by_id_622fd984_fk_auth_user_id FOREIGN KEY (uploaded_by_id) REFERENCES public.auth_user(id) DEFERRABLE INITIALLY DEFERRED;


--
-- PostgreSQL database dump complete
--

